timestamp, car_id, avg_speed, total_distance, total_ram, count,ip
2025-04-19T07:50:11.692101,0414F6CB,52.5,82.01,0.02,2,62.145.213.138
2025-04-19T07:50:11.693047,06A2678A,84.0,56.23,0.01,1,139.167.112.217
2025-04-19T07:50:11.693047,06D2ADA9,63.67,184.51,0.03,3,11.211.59.175
2025-04-19T07:50:11.693047,09119E3E,100.0,14.48,0.02,2,11.210.134.196
2025-04-19T07:50:11.693047,098B0BDE,68.5,94.5,0.02,2,230.236.150.119
2025-04-19T07:50:11.693047,0A9F0B6C,78.0,91.73,0.02,2,159.47.40.252
2025-04-19T07:50:11.693047,10BA9435,65.0,300.43,0.04,4,11.139.189.181
2025-04-19T07:50:11.693047,15190330,67.5,96.74,0.02,2,114.134.187.198
2025-04-19T07:50:11.693047,17725CF7,72.0,70.12,0.02,2,44.83.245.133
2025-04-19T07:50:11.694846,18C2D705,92.0,62.97,0.01,1,38.79.245.147
2025-04-19T07:50:11.694846,1999D7C8,69.5,172.79,0.02,2,224.190.192.249
2025-04-19T07:50:11.694846,20DFB290,68.0,77.08,0.03,3,184.113.0.32
2025-04-19T07:50:11.694846,217957C3,40.0,4.25,0.01,1,224.55.63.10
2025-04-19T07:50:11.694846,2212F2D8,83.67,131.28,0.03,3,240.220.27.44
2025-04-19T07:50:11.694846,25ED089F,72.17,232.4,0.06,6,177.24.83.153
2025-04-19T07:50:11.694846,30E3F206,78.5,81.62,0.02,2,53.198.211.68
2025-04-19T07:50:11.695544,3AEF1D47,41.33,123.74,0.03,3,62.185.38.227
2025-04-19T07:50:11.695544,3D0ED088,92.5,83.82,0.02,2,99.121.73.95
2025-04-19T07:50:11.695544,3D543326,53.0,53.03,0.01,1,44.102.166.168
2025-04-19T07:50:11.695544,3F1CEF43,112.0,53.76,0.01,1,134.218.89.166
2025-04-19T07:50:11.695544,3F75B947,76.8,505.34,0.1,10,252.109.120.63
2025-04-19T07:50:11.695544,410BBE2C,33.0,22.14,0.01,1,114.218.217.81
2025-04-19T07:50:11.695544,43552817,72.0,236.95,0.03,3,101.181.217.75
2025-04-19T07:50:11.695544,43A5EAC0,98.0,39.52,0.01,1,71.115.230.161
2025-04-19T07:50:11.695544,489BAD03,75.2,208.84,0.05,5,10.35.6.88
2025-04-19T07:50:11.695544,4BD764A7,62.5,112.61,0.02,2,164.160.154.225
2025-04-19T07:50:11.696859,4C5D77E1,82.0,116.25,0.02,2,167.88.247.170
2025-04-19T07:50:11.696859,53CA7134,85.33,176.47,0.03,3,31.96.90.2
2025-04-19T07:50:11.696859,5566953E,76.6,195.65,0.05,5,97.98.133.36
2025-04-19T07:50:11.696859,5739E242,76.75,256.68,0.04,4,172.78.191.146
2025-04-19T07:50:11.696859,573A180F,80.5,71.65,0.02,2,103.24.136.49
2025-04-19T07:50:11.697686,57BAB5F7,105.0,73.58,0.01,1,30.94.232.107
2025-04-19T07:50:11.697686,58242303,88.5,129.23,0.02,2,186.171.184.210
2025-04-19T07:50:11.697686,5A773834,75.8,200.72,0.05,5,252.2.91.195
2025-04-19T07:50:11.697686,5BED31D3,69.25,366.12,0.08,8,233.227.71.201
2025-04-19T07:50:11.697686,5D213782,67.0,139.92,0.02,2,108.36.22.82
2025-04-19T07:50:11.697686,5EAFD4A1,55.0,158.36,0.02,2,31.32.80.120
2025-04-19T07:50:11.697686,620535F7,79.0,169.19,0.02,2,134.33.203.2
2025-04-19T07:50:11.697686,6406985E,35.0,85.29,0.01,1,188.191.102.210
2025-04-19T07:50:11.697686,6656541C,81.6,243.3,0.05,5,188.14.46.90
2025-04-19T07:50:11.697686,69710FD9,109.5,113.89,0.02,2,57.127.49.127
2025-04-19T07:50:11.697686,69E5E721,70.67,226.1,0.03,3,229.248.219.56
2025-04-19T07:50:11.697686,6CAFFF1E,64.8,264.06,0.05,5,27.113.226.228
2025-04-19T07:50:11.697686,6D010441,52.0,261.05,0.05,5,237.177.17.54
2025-04-19T07:50:11.697686,6D7CC83E,69.0,158.26,0.03,3,245.155.58.154
2025-04-19T07:50:11.697686,6EC3C67A,60.0,36.93,0.01,1,63.197.128.215
2025-04-19T07:50:11.697686,708D7542,54.5,175.11,0.02,2,131.61.243.116
2025-04-19T07:50:11.697686,713F4768,74.0,92.54,0.01,1,9.117.77.13
2025-04-19T07:50:11.697686,73B34516,89.0,4.88,0.01,1,142.137.41.125
2025-04-19T07:50:11.697686,7400B396,70.0,0.91,0.01,1,98.154.31.253
2025-04-19T07:50:11.697686,74172CE1,68.0,94.18,0.02,2,70.181.116.222
2025-04-19T07:50:11.697686,744D2B15,77.5,170.4,0.04,4,153.183.252.254
2025-04-19T07:50:11.697686,7733EE92,88.0,117.54,0.02,2,222.244.251.233
2025-04-19T07:50:11.697686,78570E7A,70.33,163.91,0.03,3,103.50.14.43
2025-04-19T07:50:11.697686,79560A21,119.0,44.4,0.01,1,198.242.180.85
2025-04-19T07:50:11.697686,7A58DAB6,73.0,85.83,0.01,1,84.236.207.214
2025-04-19T07:50:11.697686,7BED1591,84.5,62.92,0.02,2,95.90.44.227
2025-04-19T07:50:11.697686,7CAD869C,91.0,68.12,0.02,2,107.195.89.140
2025-04-19T07:50:11.700968,7D1B2CE4,69.0,87.02,0.01,1,250.147.84.161
2025-04-19T07:50:11.700968,7D5FBBA5,71.54,809.21,0.13,13,120.88.51.103
2025-04-19T07:50:11.700968,81D7867A,83.83,195.93,0.06,6,178.220.164.242
2025-04-19T07:50:11.700968,84C6EC60,76.33,709.55,0.12,12,58.83.5.113
2025-04-19T07:50:11.700968,8665A893,103.0,27.99,0.02,2,178.192.159.199
2025-04-19T07:50:11.700968,8DDC15EB,65.57,418.12,0.07,7,12.199.8.229
2025-04-19T07:50:11.701638,91D8F1AB,82.25,152.05,0.04,4,87.116.71.253
2025-04-19T07:50:11.701638,920DF5B5,78.0,152.87,0.02,2,59.52.90.148
2025-04-19T07:50:11.701954,991BDF5D,64.67,146.84,0.03,3,38.99.213.212
2025-04-19T07:50:11.701954,A0FCD28B,67.5,139.32,0.02,2,78.59.91.72
2025-04-19T07:50:11.701954,A213EEC1,72.0,116.33,0.02,2,214.162.189.47
2025-04-19T07:50:11.701954,A54745A2,68.0,83.57,0.01,1,84.27.217.122
2025-04-19T07:50:11.701954,A60B4768,67.5,421.99,0.08,8,48.219.59.47
2025-04-19T07:50:11.701954,A6D414FE,69.5,34.68,0.02,2,62.104.103.166
2025-04-19T07:50:11.701954,A8DCC616,65.0,305.91,0.05,5,180.69.133.205
2025-04-19T07:50:11.701954,A8EE1BEB,84.67,179.34,0.03,3,20.249.156.67
2025-04-19T07:50:11.701954,AAF76C1C,60.0,99.28,0.01,1,209.5.2.232
2025-04-19T07:50:11.701954,AB166F7E,96.2,180.54,0.05,5,159.103.238.139
2025-04-19T07:50:11.701954,B14F1DA5,82.0,11.36,0.01,1,160.146.26.102
2025-04-19T07:50:11.701954,B1C14C2E,40.5,133.55,0.02,2,228.191.154.200
2025-04-19T07:50:11.701954,B25C09D6,80.5,127.84,0.02,2,255.244.53.175
2025-04-19T07:50:11.701954,B2AD11B2,77.33,101.27,0.03,3,157.24.158.69
2025-04-19T07:50:11.701954,B2B6CA1D,78.43,307.06,0.07,7,106.86.196.61
2025-04-19T07:50:11.701954,B311A91E,71.5,173.16,0.04,4,6.123.70.222
2025-04-19T07:50:11.701954,BA7CD9CE,57.2,195.77,0.05,5,93.90.223.89
2025-04-19T07:50:11.701954,BE94B143,43.0,83.21,0.01,1,162.147.60.223
2025-04-19T07:50:11.701954,BEE2DAEB,57.75,219.65,0.04,4,39.188.137.13
2025-04-19T07:50:11.701954,C7431BFD,89.0,86.66,0.01,1,16.23.119.208
2025-04-19T07:50:11.701954,C789A295,62.5,139.2,0.04,4,158.155.159.241
2025-04-19T07:50:11.701954,CF50137F,79.5,144.49,0.02,2,204.100.11.110
2025-04-19T07:50:11.704741,D24A5FBF,42.0,141.95,0.03,3,193.58.212.87
2025-04-19T07:50:11.704741,D2D484D6,73.0,103.1,0.02,2,225.183.135.140
2025-04-19T07:50:11.704741,D47FC366,65.56,397.59,0.09,9,132.112.191.147
2025-04-19T07:50:11.704741,D57980F3,57.0,89.96,0.01,1,110.34.65.159
2025-04-19T07:50:11.704741,D60B5CEE,83.92,617.74,0.12,12,24.34.226.132
2025-04-19T07:50:11.704741,D6D9B0EE,79.67,175.6,0.06,6,251.39.69.11
2025-04-19T07:50:11.704741,D9ECA3D8,78.67,175.52,0.03,3,131.107.221.109
2025-04-19T07:50:11.704741,DC02643B,68.0,81.65,0.01,1,79.132.154.1
2025-04-19T07:50:11.704741,DECB1116,41.0,30.43,0.02,2,219.79.9.111
2025-04-19T07:50:11.704741,E216F408,42.0,26.1,0.01,1,0.99.186.93
2025-04-19T07:50:11.704741,E24C61F6,75.0,304.08,0.05,5,182.12.88.160
2025-04-19T07:50:11.704741,E2ACBD63,120.0,61.14,0.01,1,66.210.2.64
2025-04-19T07:50:11.704741,E5F90582,69.0,99.53,0.01,1,12.30.177.60
2025-04-19T07:50:11.704741,E733536A,74.67,152.47,0.03,3,104.120.191.166
2025-04-19T07:50:11.704741,E9F9E0B2,80.67,401.77,0.09,9,196.15.158.244
2025-04-19T07:50:11.706540,EB5FCAD9,69.0,40.77,0.01,1,197.12.1.7
2025-04-19T07:50:11.706540,EE2010E8,57.0,92.46,0.02,2,132.90.81.0
2025-04-19T07:50:11.706540,EECEBD0C,67.67,195.72,0.03,3,99.22.109.79
2025-04-19T07:50:11.706540,EEFC08C6,46.0,40.06,0.01,1,94.123.53.24
2025-04-19T07:50:11.706540,F23D25B9,90.0,41.41,0.01,1,129.20.51.114
2025-04-19T07:50:11.706540,F2ED785A,54.0,76.36,0.01,1,69.217.89.202
2025-04-19T07:50:11.706540,F3195C77,76.0,38.94,0.01,1,136.133.117.80
2025-04-19T07:50:11.706540,F5F59E7C,82.0,98.14,0.02,2,151.195.243.36
2025-04-19T07:50:11.706540,F7D28993,116.0,65.53,0.01,1,179.240.48.66
2025-04-19T07:50:11.706540,FDB87562,80.0,246.65,0.04,4,227.72.170.211
2025-04-19T09:39:08.937352,0414F6CB,52.5,164.02,0.04,4,62.145.213.138
2025-04-19T09:39:08.937352,06A2678A,84.0,112.46,0.02,2,139.167.112.217
2025-04-19T09:39:08.937352,06D2ADA9,63.67,369.02,0.06,6,11.211.59.175
2025-04-19T09:39:08.937352,09119E3E,100.0,28.96,0.04,4,11.210.134.196
2025-04-19T09:39:08.937352,098B0BDE,68.5,189.0,0.04,4,230.236.150.119
2025-04-19T09:39:08.937352,0A9F0B6C,78.0,183.46,0.04,4,159.47.40.252
2025-04-19T09:39:08.937352,10BA9435,65.0,600.86,0.08,8,11.139.189.181
2025-04-19T09:39:08.937352,15190330,67.5,193.48,0.04,4,114.134.187.198
2025-04-19T09:39:08.937352,17725CF7,72.0,140.24,0.04,4,44.83.245.133
2025-04-19T09:39:08.937352,18C2D705,92.0,125.94,0.02,2,38.79.245.147
2025-04-19T09:39:08.937352,1999D7C8,69.5,345.58,0.04,4,224.190.192.249
2025-04-19T09:39:08.937352,20DFB290,68.0,154.16,0.06,6,184.113.0.32
2025-04-19T09:39:08.937352,217957C3,40.0,8.5,0.02,2,224.55.63.10
2025-04-19T09:39:08.937352,2212F2D8,83.67,262.56,0.06,6,240.220.27.44
2025-04-19T09:39:08.937352,25ED089F,72.17,464.8,0.12,12,177.24.83.153
2025-04-19T09:39:08.937352,30E3F206,78.5,163.24,0.04,4,53.198.211.68
2025-04-19T09:39:08.937352,3AEF1D47,41.33,247.48,0.06,6,62.185.38.227
2025-04-19T09:39:08.937352,3D0ED088,92.5,167.64,0.04,4,99.121.73.95
2025-04-19T09:39:08.937352,3D543326,53.0,106.06,0.02,2,44.102.166.168
2025-04-19T09:39:08.937352,3F1CEF43,112.0,107.52,0.02,2,134.218.89.166
2025-04-19T09:39:08.937352,3F75B947,76.8,1010.68,0.2,20,252.109.120.63
2025-04-19T09:39:08.942503,410BBE2C,33.0,44.28,0.02,2,114.218.217.81
2025-04-19T09:39:08.942503,43552817,72.0,473.9,0.06,6,101.181.217.75
2025-04-19T09:39:08.942503,43A5EAC0,98.0,79.04,0.02,2,71.115.230.161
2025-04-19T09:39:08.942503,489BAD03,75.2,417.68,0.1,10,10.35.6.88
2025-04-19T09:39:08.942503,4BD764A7,62.5,225.22,0.04,4,164.160.154.225
2025-04-19T09:39:08.942503,4C5D77E1,82.0,232.5,0.04,4,167.88.247.170
2025-04-19T09:39:08.942503,53CA7134,85.33,352.94,0.06,6,31.96.90.2
2025-04-19T09:39:08.942503,5566953E,76.6,391.3,0.1,10,97.98.133.36
2025-04-19T09:39:08.942503,5739E242,76.75,513.36,0.08,8,172.78.191.146
2025-04-19T09:39:08.942503,573A180F,80.5,143.3,0.04,4,103.24.136.49
2025-04-19T09:39:08.942503,57BAB5F7,105.0,147.16,0.02,2,30.94.232.107
2025-04-19T09:39:08.942503,58242303,88.5,258.46,0.04,4,186.171.184.210
2025-04-19T09:39:08.942503,5A773834,75.8,401.44,0.1,10,252.2.91.195
2025-04-19T09:39:08.942503,5BED31D3,69.25,732.24,0.16,16,233.227.71.201
2025-04-19T09:39:08.942503,5D213782,67.0,279.84,0.04,4,108.36.22.82
2025-04-19T09:39:08.942503,5EAFD4A1,55.0,316.72,0.04,4,31.32.80.120
2025-04-19T09:39:08.942503,620535F7,79.0,338.38,0.04,4,134.33.203.2
2025-04-19T09:39:08.942503,6406985E,35.0,170.58,0.02,2,188.191.102.210
2025-04-19T09:39:08.942503,6656541C,81.6,486.6,0.1,10,188.14.46.90
2025-04-19T09:39:08.942503,69710FD9,109.5,227.78,0.04,4,57.127.49.127
2025-04-19T09:39:08.944989,69E5E721,70.67,452.2,0.06,6,229.248.219.56
2025-04-19T09:39:08.944989,6CAFFF1E,64.8,528.12,0.1,10,27.113.226.228
2025-04-19T09:39:08.945450,6D010441,52.0,522.1,0.1,10,237.177.17.54
2025-04-19T09:39:08.945450,6D7CC83E,69.0,316.52,0.06,6,245.155.58.154
2025-04-19T09:39:08.945450,6EC3C67A,60.0,73.86,0.02,2,63.197.128.215
2025-04-19T09:39:08.945450,708D7542,54.5,350.22,0.04,4,131.61.243.116
2025-04-19T09:39:08.945450,713F4768,74.0,185.08,0.02,2,9.117.77.13
2025-04-19T09:39:08.945450,73B34516,89.0,9.76,0.02,2,142.137.41.125
2025-04-19T09:39:08.945450,7400B396,70.0,1.82,0.02,2,98.154.31.253
2025-04-19T09:39:08.945450,74172CE1,68.0,188.36,0.04,4,70.181.116.222
2025-04-19T09:39:08.945450,744D2B15,77.5,340.8,0.08,8,153.183.252.254
2025-04-19T09:39:08.945450,7733EE92,88.0,235.08,0.04,4,222.244.251.233
2025-04-19T09:39:08.945450,78570E7A,70.33,327.82,0.06,6,103.50.14.43
2025-04-19T09:39:08.945450,79560A21,119.0,88.8,0.02,2,198.242.180.85
2025-04-19T09:39:08.945450,7A58DAB6,73.0,171.66,0.02,2,84.236.207.214
2025-04-19T09:39:08.947583,7BED1591,84.5,125.84,0.04,4,95.90.44.227
2025-04-19T09:39:08.947583,7CAD869C,91.0,136.24,0.04,4,107.195.89.140
2025-04-19T09:39:08.947583,7D1B2CE4,69.0,174.04,0.02,2,250.147.84.161
2025-04-19T09:39:08.947583,7D5FBBA5,71.54,1618.42,0.26,26,120.88.51.103
2025-04-19T09:39:08.947583,81D7867A,83.83,391.86,0.12,12,178.220.164.242
2025-04-19T09:39:08.947583,84C6EC60,76.33,1419.1,0.24,24,58.83.5.113
2025-04-19T09:39:08.947583,8665A893,103.0,55.98,0.04,4,178.192.159.199
2025-04-19T09:39:08.947583,8DDC15EB,65.57,836.24,0.14,14,12.199.8.229
2025-04-19T09:39:08.947583,91D8F1AB,82.25,304.1,0.08,8,87.116.71.253
2025-04-19T09:39:08.947583,920DF5B5,78.0,305.74,0.04,4,59.52.90.148
2025-04-19T09:39:08.947583,991BDF5D,64.67,293.68,0.06,6,38.99.213.212
2025-04-19T09:39:08.947583,A0FCD28B,67.5,278.64,0.04,4,78.59.91.72
2025-04-19T09:39:08.947583,A213EEC1,72.0,232.66,0.04,4,214.162.189.47
2025-04-19T09:39:08.947583,A54745A2,68.0,167.14,0.02,2,84.27.217.122
2025-04-19T09:39:08.947583,A60B4768,67.5,843.98,0.16,16,48.219.59.47
2025-04-19T09:39:08.949597,A6D414FE,69.5,69.36,0.04,4,62.104.103.166
2025-04-19T09:39:08.949597,A8DCC616,65.0,611.82,0.1,10,180.69.133.205
2025-04-19T09:39:08.949597,A8EE1BEB,84.67,358.68,0.06,6,20.249.156.67
2025-04-19T09:39:08.949597,AAF76C1C,60.0,198.56,0.02,2,209.5.2.232
2025-04-19T09:39:08.949597,AB166F7E,96.2,361.08,0.1,10,159.103.238.139
2025-04-19T09:39:08.949597,B14F1DA5,82.0,22.72,0.02,2,160.146.26.102
2025-04-19T09:39:08.949597,B1C14C2E,40.5,267.1,0.04,4,228.191.154.200
2025-04-19T09:39:08.949597,B25C09D6,80.5,255.68,0.04,4,255.244.53.175
2025-04-19T09:39:08.949597,B2AD11B2,77.33,202.54,0.06,6,157.24.158.69
2025-04-19T09:39:08.949597,B2B6CA1D,78.43,614.12,0.14,14,106.86.196.61
2025-04-19T09:39:08.949597,B311A91E,71.5,346.32,0.08,8,6.123.70.222
2025-04-19T09:39:08.949597,BA7CD9CE,57.2,391.54,0.1,10,93.90.223.89
2025-04-19T09:39:08.949597,BE94B143,43.0,166.42,0.02,2,162.147.60.223
2025-04-19T09:39:08.949597,BEE2DAEB,57.75,439.3,0.08,8,39.188.137.13
2025-04-19T09:39:08.949597,C7431BFD,89.0,173.32,0.02,2,16.23.119.208
2025-04-19T09:39:08.949597,C789A295,62.5,278.4,0.08,8,158.155.159.241
2025-04-19T09:39:08.951825,CF50137F,79.5,288.98,0.04,4,204.100.11.110
2025-04-19T09:39:08.951825,D24A5FBF,42.0,283.9,0.06,6,193.58.212.87
2025-04-19T09:39:08.951825,D2D484D6,73.0,206.2,0.04,4,225.183.135.140
2025-04-19T09:39:08.951825,D47FC366,65.56,795.18,0.18,18,132.112.191.147
2025-04-19T09:39:08.951825,D57980F3,57.0,179.92,0.02,2,110.34.65.159
2025-04-19T09:39:08.951825,D60B5CEE,83.92,1235.48,0.24,24,24.34.226.132
2025-04-19T09:39:08.952904,D6D9B0EE,79.67,351.2,0.12,12,251.39.69.11
2025-04-19T09:39:08.952904,D9ECA3D8,78.67,351.04,0.06,6,131.107.221.109
2025-04-19T09:39:08.952904,DC02643B,68.0,163.3,0.02,2,79.132.154.1
2025-04-19T09:39:08.952904,DECB1116,41.0,60.86,0.04,4,219.79.9.111
2025-04-19T09:39:08.952904,E216F408,42.0,52.2,0.02,2,0.99.186.93
2025-04-19T09:39:08.952904,E24C61F6,75.0,608.16,0.1,10,182.12.88.160
2025-04-19T09:39:08.952904,E2ACBD63,120.0,122.28,0.02,2,66.210.2.64
2025-04-19T09:39:08.952904,E5F90582,69.0,199.06,0.02,2,12.30.177.60
2025-04-19T09:39:08.952904,E733536A,74.67,304.94,0.06,6,104.120.191.166
2025-04-19T09:39:08.952904,E9F9E0B2,80.67,803.54,0.18,18,196.15.158.244
2025-04-19T09:39:08.952904,EB5FCAD9,69.0,81.54,0.02,2,197.12.1.7
2025-04-19T09:39:08.952904,EE2010E8,57.0,184.92,0.04,4,132.90.81.0
2025-04-19T09:39:08.952904,EECEBD0C,67.67,391.44,0.06,6,99.22.109.79
2025-04-19T09:39:08.952904,EEFC08C6,46.0,80.12,0.02,2,94.123.53.24
2025-04-19T09:39:08.952904,F23D25B9,90.0,82.82,0.02,2,129.20.51.114
2025-04-19T09:39:08.952904,F2ED785A,54.0,152.72,0.02,2,69.217.89.202
2025-04-19T09:39:08.952904,F3195C77,76.0,77.88,0.02,2,136.133.117.80
2025-04-19T09:39:08.952904,F5F59E7C,82.0,196.28,0.04,4,151.195.243.36
2025-04-19T09:39:08.952904,F7D28993,116.0,131.06,0.02,2,179.240.48.66
2025-04-19T09:39:08.952904,FDB87562,80.0,493.3,0.08,8,227.72.170.211
2025-04-19T09:39:08.952904,28FAEA3A,42.0,41.39,0.01,1,23.120.12.116
2025-04-19T09:39:08.952904,2BB60151,76.2,218.76,0.05,5,229.24.154.75
2025-04-19T09:39:08.952904,4220C4B5,88.5,188.75,0.04,4,175.63.5.26
2025-04-19T09:39:08.952904,5F7466A7,74.5,147.86,0.04,4,0.117.58.201
2025-04-19T09:39:08.957122,5FA555B9,106.0,98.94,0.03,3,238.41.50.173
2025-04-19T09:39:08.957122,B85B8E01,74.0,80.28,0.02,2,88.41.111.228
2025-04-19T09:39:08.957122,E61BF802,85.0,97.63,0.02,2,21.175.87.218
2025-04-19T11:20:19.161042,0414F6CB,52.5,246.03,0.06,6,62.145.213.138
2025-04-19T11:20:19.161042,06A2678A,84.0,168.69,0.03,3,139.167.112.217
2025-04-19T11:20:19.161879,06D2ADA9,63.67,553.53,0.09,9,11.211.59.175
2025-04-19T11:20:19.161879,09119E3E,100.0,43.44,0.06,6,11.210.134.196
2025-04-19T11:20:19.161879,098B0BDE,68.5,283.5,0.06,6,230.236.150.119
2025-04-19T11:20:19.161879,0A9F0B6C,78.0,275.19,0.06,6,159.47.40.252
2025-04-19T11:20:19.161879,10BA9435,65.0,901.29,0.12,12,11.139.189.181
2025-04-19T11:20:19.161879,15190330,67.5,290.22,0.06,6,114.134.187.198
2025-04-19T11:20:19.161879,17725CF7,72.0,210.36,0.06,6,44.83.245.133
2025-04-19T11:20:19.161879,18C2D705,92.0,188.91,0.03,3,38.79.245.147
2025-04-19T11:20:19.161879,1999D7C8,69.5,518.37,0.06,6,224.190.192.249
2025-04-19T11:20:19.162534,20DFB290,68.0,231.24,0.09,9,184.113.0.32
2025-04-19T11:20:19.162534,217957C3,40.0,12.75,0.03,3,224.55.63.10
2025-04-19T11:20:19.162534,2212F2D8,83.67,393.84,0.09,9,240.220.27.44
2025-04-19T11:20:19.162534,25ED089F,72.17,697.2,0.18,18,177.24.83.153
2025-04-19T11:20:19.162534,30E3F206,78.5,244.86,0.06,6,53.198.211.68
2025-04-19T11:20:19.162534,3AEF1D47,41.33,371.22,0.09,9,62.185.38.227
2025-04-19T11:20:19.162534,3D0ED088,92.5,251.46,0.06,6,99.121.73.95
2025-04-19T11:20:19.162534,3D543326,53.0,159.09,0.03,3,44.102.166.168
2025-04-19T11:20:19.162534,3F1CEF43,112.0,161.28,0.03,3,134.218.89.166
2025-04-19T11:20:19.162534,3F75B947,76.8,1516.02,0.3,30,252.109.120.63
2025-04-19T11:20:19.162534,410BBE2C,33.0,66.42,0.03,3,114.218.217.81
2025-04-19T11:20:19.162534,43552817,72.0,710.85,0.09,9,101.181.217.75
2025-04-19T11:20:19.162534,43A5EAC0,98.0,118.56,0.03,3,71.115.230.161
2025-04-19T11:20:19.162534,489BAD03,75.2,626.52,0.15,15,10.35.6.88
2025-04-19T11:20:19.162534,4BD764A7,62.5,337.83,0.06,6,164.160.154.225
2025-04-19T11:20:19.162534,4C5D77E1,82.0,348.75,0.06,6,167.88.247.170
2025-04-19T11:20:19.162534,53CA7134,85.33,529.41,0.09,9,31.96.90.2
2025-04-19T11:20:19.162534,5566953E,76.6,586.95,0.15,15,97.98.133.36
2025-04-19T11:20:19.162534,5739E242,76.75,770.04,0.12,12,172.78.191.146
2025-04-19T11:20:19.163770,573A180F,80.5,214.95,0.06,6,103.24.136.49
2025-04-19T11:20:19.163770,57BAB5F7,105.0,220.74,0.03,3,30.94.232.107
2025-04-19T11:20:19.164094,58242303,88.5,387.69,0.06,6,186.171.184.210
2025-04-19T11:20:19.164094,5A773834,75.8,602.16,0.15,15,252.2.91.195
2025-04-19T11:20:19.164094,5BED31D3,69.25,1098.36,0.24,24,233.227.71.201
2025-04-19T11:20:19.164094,5D213782,67.0,419.76,0.06,6,108.36.22.82
2025-04-19T11:20:19.164094,5EAFD4A1,55.0,475.08,0.06,6,31.32.80.120
2025-04-19T11:20:19.164094,620535F7,79.0,507.57,0.06,6,134.33.203.2
2025-04-19T11:20:19.164094,6406985E,35.0,255.87,0.03,3,188.191.102.210
2025-04-19T11:20:19.164094,6656541C,81.6,729.9,0.15,15,188.14.46.90
2025-04-19T11:20:19.164094,69710FD9,109.5,341.67,0.06,6,57.127.49.127
2025-04-19T11:20:19.164094,69E5E721,70.67,678.3,0.09,9,229.248.219.56
2025-04-19T11:20:19.164094,6CAFFF1E,64.8,792.18,0.15,15,27.113.226.228
2025-04-19T11:20:19.164094,6D010441,52.0,783.15,0.15,15,237.177.17.54
2025-04-19T11:20:19.164094,6D7CC83E,69.0,474.78,0.09,9,245.155.58.154
2025-04-19T11:20:19.164094,6EC3C67A,60.0,110.79,0.03,3,63.197.128.215
2025-04-19T11:20:19.164094,708D7542,54.5,525.33,0.06,6,131.61.243.116
2025-04-19T11:20:19.164094,713F4768,74.0,277.62,0.03,3,9.117.77.13
2025-04-19T11:20:19.164094,73B34516,89.0,14.64,0.03,3,142.137.41.125
2025-04-19T11:20:19.164094,7400B396,70.0,2.73,0.03,3,98.154.31.253
2025-04-19T11:20:19.165169,74172CE1,68.0,282.54,0.06,6,70.181.116.222
2025-04-19T11:20:19.165169,744D2B15,77.5,511.2,0.12,12,153.183.252.254
2025-04-19T11:20:19.165169,7733EE92,88.0,352.62,0.06,6,222.244.251.233
2025-04-19T11:20:19.165169,78570E7A,70.33,491.73,0.09,9,103.50.14.43
2025-04-19T11:20:19.165169,79560A21,119.0,133.2,0.03,3,198.242.180.85
2025-04-19T11:20:19.165169,7A58DAB6,73.0,257.49,0.03,3,84.236.207.214
2025-04-19T11:20:19.165169,7BED1591,84.5,188.76,0.06,6,95.90.44.227
2025-04-19T11:20:19.165169,7CAD869C,91.0,204.36,0.06,6,107.195.89.140
2025-04-19T11:20:19.166243,7D1B2CE4,69.0,261.06,0.03,3,250.147.84.161
2025-04-19T11:20:19.166243,7D5FBBA5,71.54,2427.63,0.39,39,120.88.51.103
2025-04-19T11:20:19.166243,81D7867A,83.83,587.79,0.18,18,178.220.164.242
2025-04-19T11:20:19.166243,84C6EC60,76.33,2128.65,0.36,36,58.83.5.113
2025-04-19T11:20:19.166243,8665A893,103.0,83.97,0.06,6,178.192.159.199
2025-04-19T11:20:19.166243,8DDC15EB,65.57,1254.36,0.21,21,12.199.8.229
2025-04-19T11:20:19.166243,91D8F1AB,82.25,456.15,0.12,12,87.116.71.253
2025-04-19T11:20:19.166243,920DF5B5,78.0,458.61,0.06,6,59.52.90.148
2025-04-19T11:20:19.166243,991BDF5D,64.67,440.52,0.09,9,38.99.213.212
2025-04-19T11:20:19.166243,A0FCD28B,67.5,417.96,0.06,6,78.59.91.72
2025-04-19T11:20:19.166243,A213EEC1,72.0,348.99,0.06,6,214.162.189.47
2025-04-19T11:20:19.166243,A54745A2,68.0,250.71,0.03,3,84.27.217.122
2025-04-19T11:20:19.167250,A60B4768,67.5,1265.97,0.24,24,48.219.59.47
2025-04-19T11:20:19.167250,A6D414FE,69.5,104.04,0.06,6,62.104.103.166
2025-04-19T11:20:19.167250,A8DCC616,65.0,917.73,0.15,15,180.69.133.205
2025-04-19T11:20:19.167250,A8EE1BEB,84.67,538.02,0.09,9,20.249.156.67
2025-04-19T11:20:19.167250,AAF76C1C,60.0,297.84,0.03,3,209.5.2.232
2025-04-19T11:20:19.167250,AB166F7E,96.2,541.62,0.15,15,159.103.238.139
2025-04-19T11:20:19.167250,B14F1DA5,82.0,34.08,0.03,3,160.146.26.102
2025-04-19T11:20:19.167250,B1C14C2E,40.5,400.65,0.06,6,228.191.154.200
2025-04-19T11:20:19.167878,B25C09D6,80.5,383.52,0.06,6,255.244.53.175
2025-04-19T11:20:19.167878,B2AD11B2,77.33,303.81,0.09,9,157.24.158.69
2025-04-19T11:20:19.167878,B2B6CA1D,78.43,921.18,0.21,21,106.86.196.61
2025-04-19T11:20:19.167878,B311A91E,71.5,519.48,0.12,12,6.123.70.222
2025-04-19T11:20:19.167878,BA7CD9CE,57.2,587.31,0.15,15,93.90.223.89
2025-04-19T11:20:19.167878,BE94B143,43.0,249.63,0.03,3,162.147.60.223
2025-04-19T11:20:19.167878,BEE2DAEB,57.75,658.95,0.12,12,39.188.137.13
2025-04-19T11:20:19.167878,C7431BFD,89.0,259.98,0.03,3,16.23.119.208
2025-04-19T11:20:19.167878,C789A295,62.5,417.6,0.12,12,158.155.159.241
2025-04-19T11:20:19.167878,CF50137F,79.5,433.47,0.06,6,204.100.11.110
2025-04-19T11:20:19.167878,D24A5FBF,42.0,425.85,0.09,9,193.58.212.87
2025-04-19T11:20:19.167878,D2D484D6,73.0,309.3,0.06,6,225.183.135.140
2025-04-19T11:20:19.167878,D47FC366,65.56,1192.77,0.27,27,132.112.191.147
2025-04-19T11:20:19.167878,D57980F3,57.0,269.88,0.03,3,110.34.65.159
2025-04-19T11:20:19.167878,D60B5CEE,83.92,1853.22,0.36,36,24.34.226.132
2025-04-19T11:20:19.167878,D6D9B0EE,79.67,526.8,0.18,18,251.39.69.11
2025-04-19T11:20:19.167878,D9ECA3D8,78.67,526.56,0.09,9,131.107.221.109
2025-04-19T11:20:19.167878,DC02643B,68.0,244.95,0.03,3,79.132.154.1
2025-04-19T11:20:19.167878,DECB1116,41.0,91.29,0.06,6,219.79.9.111
2025-04-19T11:20:19.167878,E216F408,42.0,78.3,0.03,3,0.99.186.93
2025-04-19T11:20:19.167878,E24C61F6,75.0,912.24,0.15,15,182.12.88.160
2025-04-19T11:20:19.167878,E2ACBD63,120.0,183.42,0.03,3,66.210.2.64
2025-04-19T11:20:19.167878,E5F90582,69.0,298.59,0.03,3,12.30.177.60
2025-04-19T11:20:19.167878,E733536A,74.67,457.41,0.09,9,104.120.191.166
2025-04-19T11:20:19.167878,E9F9E0B2,80.67,1205.31,0.27,27,196.15.158.244
2025-04-19T11:20:19.167878,EB5FCAD9,69.0,122.31,0.03,3,197.12.1.7
2025-04-19T11:20:19.167878,EE2010E8,57.0,277.38,0.06,6,132.90.81.0
2025-04-19T11:20:19.167878,EECEBD0C,67.67,587.16,0.09,9,99.22.109.79
2025-04-19T11:20:19.167878,EEFC08C6,46.0,120.18,0.03,3,94.123.53.24
2025-04-19T11:20:19.167878,F23D25B9,90.0,124.23,0.03,3,129.20.51.114
2025-04-19T11:20:19.169647,F2ED785A,54.0,229.08,0.03,3,69.217.89.202
2025-04-19T11:20:19.169647,F3195C77,76.0,116.82,0.03,3,136.133.117.80
2025-04-19T11:20:19.169647,F5F59E7C,82.0,294.42,0.06,6,151.195.243.36
2025-04-19T11:20:19.169647,F7D28993,116.0,196.59,0.03,3,179.240.48.66
2025-04-19T11:20:19.169647,FDB87562,80.0,739.95,0.12,12,227.72.170.211
2025-04-19T11:20:19.169647,28FAEA3A,42.0,82.78,0.02,2,23.120.12.116
2025-04-19T11:20:19.169647,2BB60151,76.2,437.52,0.1,10,229.24.154.75
2025-04-19T11:20:19.169647,4220C4B5,88.5,377.5,0.08,8,175.63.5.26
2025-04-19T11:20:19.169647,5F7466A7,74.5,295.72,0.08,8,0.117.58.201
2025-04-19T11:20:19.169647,5FA555B9,106.0,197.88,0.06,6,238.41.50.173
2025-04-19T11:20:19.169647,B85B8E01,74.0,160.56,0.04,4,88.41.111.228
2025-04-19T11:20:19.169647,E61BF802,85.0,195.26,0.04,4,21.175.87.218
2025-04-19T11:20:19.169647,11AE8B34,69.67,162.17,0.06,6,157.214.196.85
2025-04-19T11:20:19.169647,24A3DD48,60.0,96.53,0.04,4,230.151.13.244
2025-04-19T11:20:19.169647,25D47CF4,60.0,189.2,0.05,5,226.149.226.132
2025-04-19T11:20:19.169647,38F2368C,72.6,193.71,0.05,5,182.226.214.51
2025-04-19T11:20:19.170877,3ABFAF80,63.67,142.67,0.03,3,152.227.170.79
2025-04-19T11:20:19.170877,4C46C58A,67.0,553.67,0.08,8,125.164.56.203
2025-04-19T11:20:19.170877,769C8C05,78.67,227.38,0.03,3,197.196.58.8
2025-04-19T11:20:19.170877,7A203FD9,53.33,221.99,0.03,3,68.243.125.144
2025-04-19T11:20:19.170877,7CF389CD,70.38,514.3,0.08,8,167.203.111.19
2025-04-19T11:20:19.170877,A07B152C,82.4,301.79,0.05,5,201.42.104.127
2025-04-19T11:20:19.171194,B0B7F9ED,69.33,197.41,0.03,3,125.91.35.23
2025-04-19T11:20:19.171194,B765C201,66.5,666.35,0.12,12,11.37.135.79
2025-04-19T11:20:19.171194,DE1F8A6D,78.33,330.84,0.06,6,118.152.42.71
2025-04-19T11:20:19.171194,1F61F947,61.0,119.72,0.02,2,64.244.111.144
2025-04-19T11:20:19.171194,3110718A,100.5,32.97,0.02,2,79.131.181.194
2025-04-19T11:20:19.171194,A860F907,85.5,241.11,0.06,6,242.75.49.17
2025-04-19T11:20:19.171194,A45B76E9,80.43,380.77,0.07,7,82.217.136.218
2025-04-19T11:20:19.171194,116A32BB,83.0,161.99,0.02,2,162.10.237.170
2025-04-19T11:20:19.171194,6251887E,96.0,188.82,0.03,3,33.93.74.254
2025-04-19T11:20:19.171194,4A97BB58,63.5,138.59,0.02,2,92.182.251.132
2025-04-19T11:20:19.171194,DEFCF2B1,113.0,79.7,0.01,1,125.84.163.17
2025-04-19T11:20:19.172227,6BD12E8A,96.5,151.17,0.02,2,20.14.185.145
2025-04-19T11:20:19.172227,F354928A,69.33,247.91,0.03,3,57.222.225.211
2025-04-19T11:20:19.172227,9C8E9EB3,77.0,163.8,0.02,2,152.24.70.135
2025-04-19T11:20:19.172227,0F4FE415,53.33,187.08,0.03,3,189.217.81.240
2025-04-19T11:20:19.172227,3D9B33B3,87.0,68.94,0.02,2,56.118.41.172
2025-04-19T11:20:19.172227,C75AF774,72.5,161.59,0.02,2,183.210.160.57
2025-04-19T11:20:19.172227,62B28474,69.5,171.07,0.02,2,196.166.40.146
2025-04-19T11:20:19.172227,965E193F,42.0,153.13,0.02,2,159.157.165.65
2025-04-19T11:20:19.172227,09A5DF83,73.0,3.54,0.01,1,58.106.16.16
2025-04-19T11:20:19.172227,9079FD28,58.0,118.74,0.03,3,98.172.19.166
2025-04-19T11:20:19.172227,E407FE8E,88.67,151.91,0.03,3,169.82.237.95
2025-04-19T11:20:19.172227,79E04F22,88.17,134.7,0.06,6,103.67.176.249
2025-04-19T11:20:19.173237,3F1D4059,113.0,4.26,0.01,1,69.18.206.112
2025-04-19T11:20:19.173237,06B122B0,75.0,45.07,0.01,1,95.29.186.172
2025-04-19T11:20:19.173237,E0A25E04,68.0,110.05,0.02,2,69.120.179.63
2025-04-19T11:20:19.173237,5A514B31,53.5,62.16,0.02,2,112.141.87.109
2025-04-19T11:20:19.173237,22008EBD,76.5,101.55,0.02,2,55.227.79.5
2025-04-19T11:20:19.173237,DFD5BAAF,79.0,15.97,0.02,2,97.157.35.32
2025-04-19T11:20:19.173237,90E2E8AC,52.0,4.89,0.01,1,101.255.121.244
2025-04-19T11:20:19.173237,ED037B29,41.5,69.38,0.02,2,73.183.103.214
2025-04-19T11:20:19.173237,62E9EF0B,68.5,117.55,0.02,2,109.117.225.127
2025-04-19T11:20:19.173237,85631FA3,118.0,64.11,0.01,1,88.108.167.52
2025-04-19T11:20:19.173237,5552FEB0,100.0,28.59,0.01,1,161.42.2.251
2025-04-19T11:20:19.173237,48419D1B,59.0,32.75,0.01,1,134.30.26.220
2025-04-19T11:20:19.173237,87C2DEBB,116.0,76.23,0.01,1,230.46.54.131
2025-04-19T11:20:19.173237,47EC1A91,77.0,38.43,0.01,1,159.166.132.42
2025-04-19T11:20:19.173237,E908F157,99.0,74.06,0.01,1,65.153.239.144
2025-04-20T14:08:36.600746,0414F6CB,52.5,328.04,0.08,8,62.145.213.138
2025-04-20T14:08:36.600746,06A2678A,84.0,224.92,0.04,4,139.167.112.217
2025-04-20T14:08:36.601800,06D2ADA9,63.67,738.04,0.12,12,11.211.59.175
2025-04-20T14:08:36.601800,09119E3E,100.0,57.92,0.08,8,11.210.134.196
2025-04-20T14:08:36.601800,098B0BDE,68.5,378.0,0.08,8,230.236.150.119
2025-04-20T14:08:36.601800,0A9F0B6C,78.0,366.92,0.08,8,159.47.40.252
2025-04-20T14:08:36.601800,10BA9435,65.0,1201.72,0.16,16,11.139.189.181
2025-04-20T14:08:36.601800,15190330,67.5,386.96,0.08,8,114.134.187.198
2025-04-20T14:08:36.601800,17725CF7,72.0,280.48,0.08,8,44.83.245.133
2025-04-20T14:08:36.601800,18C2D705,92.0,251.88,0.04,4,38.79.245.147
2025-04-20T14:08:36.601800,1999D7C8,69.5,691.16,0.08,8,224.190.192.249
2025-04-20T14:08:36.601800,20DFB290,68.0,308.32,0.12,12,184.113.0.32
2025-04-20T14:08:36.601800,217957C3,40.0,17.0,0.04,4,224.55.63.10
2025-04-20T14:08:36.601800,2212F2D8,83.67,525.12,0.12,12,240.220.27.44
2025-04-20T14:08:36.601800,25ED089F,72.17,929.6,0.24,24,177.24.83.153
2025-04-20T14:08:36.603441,30E3F206,78.5,326.48,0.08,8,53.198.211.68
2025-04-20T14:08:36.603441,3AEF1D47,41.33,494.96,0.12,12,62.185.38.227
2025-04-20T14:08:36.604439,3D0ED088,92.5,335.28,0.08,8,99.121.73.95
2025-04-20T14:08:36.604439,3D543326,53.0,212.12,0.04,4,44.102.166.168
2025-04-20T14:08:36.604439,3F1CEF43,112.0,215.04,0.04,4,134.218.89.166
2025-04-20T14:08:36.604439,3F75B947,76.8,2021.36,0.4,40,252.109.120.63
2025-04-20T14:08:36.604439,410BBE2C,33.0,88.56,0.04,4,114.218.217.81
2025-04-20T14:08:36.605702,43552817,72.0,947.8,0.12,12,101.181.217.75
2025-04-20T14:08:36.605702,43A5EAC0,98.0,158.08,0.04,4,71.115.230.161
2025-04-20T14:08:36.605702,489BAD03,75.2,835.36,0.2,20,10.35.6.88
2025-04-20T14:08:36.605702,4BD764A7,62.5,450.44,0.08,8,164.160.154.225
2025-04-20T14:08:36.605702,4C5D77E1,82.0,465.0,0.08,8,167.88.247.170
2025-04-20T14:08:36.605702,53CA7134,85.33,705.88,0.12,12,31.96.90.2
2025-04-20T14:08:36.605702,5566953E,76.6,782.6,0.2,20,97.98.133.36
2025-04-20T14:08:36.605702,5739E242,76.75,1026.72,0.16,16,172.78.191.146
2025-04-20T14:08:36.605702,573A180F,80.5,286.6,0.08,8,103.24.136.49
2025-04-20T14:08:36.605702,57BAB5F7,105.0,294.32,0.04,4,30.94.232.107
2025-04-20T14:08:36.605702,58242303,88.5,516.92,0.08,8,186.171.184.210
2025-04-20T14:08:36.605702,5A773834,75.8,802.88,0.2,20,252.2.91.195
2025-04-20T14:08:36.605702,5BED31D3,69.25,1464.48,0.32,32,233.227.71.201
2025-04-20T14:08:36.605702,5D213782,67.0,559.68,0.08,8,108.36.22.82
2025-04-20T14:08:36.605702,5EAFD4A1,55.0,633.44,0.08,8,31.32.80.120
2025-04-20T14:08:36.605702,620535F7,79.0,676.76,0.08,8,134.33.203.2
2025-04-20T14:08:36.606762,6406985E,35.0,341.16,0.04,4,188.191.102.210
2025-04-20T14:08:36.606762,6656541C,81.6,973.2,0.2,20,188.14.46.90
2025-04-20T14:08:36.606762,69710FD9,109.5,455.56,0.08,8,57.127.49.127
2025-04-20T14:08:36.606762,69E5E721,70.67,904.4,0.12,12,229.248.219.56
2025-04-20T14:08:36.606762,6CAFFF1E,64.8,1056.24,0.2,20,27.113.226.228
2025-04-20T14:08:36.606762,6D010441,52.0,1044.2,0.2,20,237.177.17.54
2025-04-20T14:08:36.606762,6D7CC83E,69.0,633.04,0.12,12,245.155.58.154
2025-04-20T14:08:36.606762,6EC3C67A,60.0,147.72,0.04,4,63.197.128.215
2025-04-20T14:08:36.606762,708D7542,54.5,700.44,0.08,8,131.61.243.116
2025-04-20T14:08:36.606762,713F4768,74.0,370.16,0.04,4,9.117.77.13
2025-04-20T14:08:36.606762,73B34516,89.0,19.52,0.04,4,142.137.41.125
2025-04-20T14:08:36.606762,7400B396,70.0,3.64,0.04,4,98.154.31.253
2025-04-20T14:08:36.606762,74172CE1,68.0,376.72,0.08,8,70.181.116.222
2025-04-20T14:08:36.606762,744D2B15,77.5,681.6,0.16,16,153.183.252.254
2025-04-20T14:08:36.607768,7733EE92,88.0,470.16,0.08,8,222.244.251.233
2025-04-20T14:08:36.607768,78570E7A,70.33,655.64,0.12,12,103.50.14.43
2025-04-20T14:08:36.607768,79560A21,119.0,177.6,0.04,4,198.242.180.85
2025-04-20T14:08:36.607768,7A58DAB6,73.0,343.32,0.04,4,84.236.207.214
2025-04-20T14:08:36.607768,7BED1591,84.5,251.68,0.08,8,95.90.44.227
2025-04-20T14:08:36.607768,7CAD869C,91.0,272.48,0.08,8,107.195.89.140
2025-04-20T14:08:36.607768,7D1B2CE4,69.0,348.08,0.04,4,250.147.84.161
2025-04-20T14:08:36.607768,7D5FBBA5,71.54,3236.84,0.52,52,120.88.51.103
2025-04-20T14:08:36.607768,81D7867A,83.83,783.72,0.24,24,178.220.164.242
2025-04-20T14:08:36.607768,84C6EC60,76.33,2838.2,0.48,48,58.83.5.113
2025-04-20T14:08:36.607768,8665A893,103.0,111.96,0.08,8,178.192.159.199
2025-04-20T14:08:36.607768,8DDC15EB,65.57,1672.48,0.28,28,12.199.8.229
2025-04-20T14:08:36.607768,91D8F1AB,82.25,608.2,0.16,16,87.116.71.253
2025-04-20T14:08:36.607768,920DF5B5,78.0,611.48,0.08,8,59.52.90.148
2025-04-20T14:08:36.607768,991BDF5D,64.67,587.36,0.12,12,38.99.213.212
2025-04-20T14:08:36.607768,A0FCD28B,67.5,557.28,0.08,8,78.59.91.72
2025-04-20T14:08:36.607768,A213EEC1,72.0,465.32,0.08,8,214.162.189.47
2025-04-20T14:08:36.607768,A54745A2,68.0,334.28,0.04,4,84.27.217.122
2025-04-20T14:08:36.607768,A60B4768,67.5,1687.96,0.32,32,48.219.59.47
2025-04-20T14:08:36.607768,A6D414FE,69.5,138.72,0.08,8,62.104.103.166
2025-04-20T14:08:36.607768,A8DCC616,65.0,1223.64,0.2,20,180.69.133.205
2025-04-20T14:08:36.607768,A8EE1BEB,84.67,717.36,0.12,12,20.249.156.67
2025-04-20T14:08:36.607768,AAF76C1C,60.0,397.12,0.04,4,209.5.2.232
2025-04-20T14:08:36.607768,AB166F7E,96.2,722.16,0.2,20,159.103.238.139
2025-04-20T14:08:36.607768,B14F1DA5,82.0,45.44,0.04,4,160.146.26.102
2025-04-20T14:08:36.607768,B1C14C2E,40.5,534.2,0.08,8,228.191.154.200
2025-04-20T14:08:36.607768,B25C09D6,80.5,511.36,0.08,8,255.244.53.175
2025-04-20T14:08:36.607768,B2AD11B2,77.33,405.08,0.12,12,157.24.158.69
2025-04-20T14:08:36.607768,B2B6CA1D,78.43,1228.24,0.28,28,106.86.196.61
2025-04-20T14:08:36.609196,B311A91E,71.5,692.64,0.16,16,6.123.70.222
2025-04-20T14:08:36.609196,BA7CD9CE,57.2,783.08,0.2,20,93.90.223.89
2025-04-20T14:08:36.609196,BE94B143,43.0,332.84,0.04,4,162.147.60.223
2025-04-20T14:08:36.609196,BEE2DAEB,57.75,878.6,0.16,16,39.188.137.13
2025-04-20T14:08:36.609196,C7431BFD,89.0,346.64,0.04,4,16.23.119.208
2025-04-20T14:08:36.609196,C789A295,62.5,556.8,0.16,16,158.155.159.241
2025-04-20T14:08:36.609196,CF50137F,79.5,577.96,0.08,8,204.100.11.110
2025-04-20T14:08:36.609196,D24A5FBF,42.0,567.8,0.12,12,193.58.212.87
2025-04-20T14:08:36.609196,D2D484D6,73.0,412.4,0.08,8,225.183.135.140
2025-04-20T14:08:36.609196,D47FC366,65.56,1590.36,0.36,36,132.112.191.147
2025-04-20T14:08:36.609196,D57980F3,57.0,359.84,0.04,4,110.34.65.159
2025-04-20T14:08:36.609196,D60B5CEE,83.92,2470.96,0.48,48,24.34.226.132
2025-04-20T14:08:36.609196,D6D9B0EE,79.67,702.4,0.24,24,251.39.69.11
2025-04-20T14:08:36.609196,D9ECA3D8,78.67,702.08,0.12,12,131.107.221.109
2025-04-20T14:08:36.609196,DC02643B,68.0,326.6,0.04,4,79.132.154.1
2025-04-20T14:08:36.609196,DECB1116,41.0,121.72,0.08,8,219.79.9.111
2025-04-20T14:08:36.609196,E216F408,42.0,104.4,0.04,4,0.99.186.93
2025-04-20T14:08:36.609196,E24C61F6,75.0,1216.32,0.2,20,182.12.88.160
2025-04-20T14:08:36.610298,E2ACBD63,120.0,244.56,0.04,4,66.210.2.64
2025-04-20T14:08:36.610298,E5F90582,69.0,398.12,0.04,4,12.30.177.60
2025-04-20T14:08:36.610298,E733536A,74.67,609.88,0.12,12,104.120.191.166
2025-04-20T14:08:36.610298,E9F9E0B2,80.67,1607.08,0.36,36,196.15.158.244
2025-04-20T14:08:36.610298,EB5FCAD9,69.0,163.08,0.04,4,197.12.1.7
2025-04-20T14:08:36.610298,EE2010E8,57.0,369.84,0.08,8,132.90.81.0
2025-04-20T14:08:36.611409,EECEBD0C,67.67,782.88,0.12,12,99.22.109.79
2025-04-20T14:08:36.611409,EEFC08C6,46.0,160.24,0.04,4,94.123.53.24
2025-04-20T14:08:36.611409,F23D25B9,90.0,165.64,0.04,4,129.20.51.114
2025-04-20T14:08:36.611409,F2ED785A,54.0,305.44,0.04,4,69.217.89.202
2025-04-20T14:08:36.611409,F3195C77,76.0,155.76,0.04,4,136.133.117.80
2025-04-20T14:08:36.611409,F5F59E7C,82.0,392.56,0.08,8,151.195.243.36
2025-04-20T14:08:36.611409,F7D28993,116.0,262.12,0.04,4,179.240.48.66
2025-04-20T14:08:36.611409,FDB87562,80.0,986.6,0.16,16,227.72.170.211
2025-04-20T14:08:36.611409,28FAEA3A,42.0,124.17,0.03,3,23.120.12.116
2025-04-20T14:08:36.611409,2BB60151,76.2,656.28,0.15,15,229.24.154.75
2025-04-20T14:08:36.611409,4220C4B5,88.5,566.25,0.12,12,175.63.5.26
2025-04-20T14:08:36.612928,5F7466A7,74.5,443.58,0.12,12,0.117.58.201
2025-04-20T14:08:36.612928,5FA555B9,106.0,296.82,0.09,9,238.41.50.173
2025-04-20T14:08:36.612928,B85B8E01,74.0,240.84,0.06,6,88.41.111.228
2025-04-20T14:08:36.612928,E61BF802,85.0,292.89,0.06,6,21.175.87.218
2025-04-20T14:08:36.612928,11AE8B34,69.67,324.34,0.12,12,157.214.196.85
2025-04-20T14:08:36.612928,24A3DD48,61.6,194.1,0.1,10,230.151.13.244
2025-04-20T14:08:36.612928,25D47CF4,67.5,518.18,0.12,12,226.149.226.132
2025-04-20T14:08:36.612928,38F2368C,72.6,387.42,0.1,10,182.226.214.51
2025-04-20T14:08:36.613945,3ABFAF80,63.67,285.34,0.06,6,152.227.170.79
2025-04-20T14:08:36.613945,4C46C58A,67.0,1107.34,0.16,16,125.164.56.203
2025-04-20T14:08:36.613945,769C8C05,86.5,589.22,0.08,8,197.196.58.8
2025-04-20T14:08:36.613945,7A203FD9,53.33,443.98,0.06,6,68.243.125.144
2025-04-20T14:08:36.613945,7CF389CD,71.18,1349.42,0.22,22,167.203.111.19
2025-04-20T14:08:36.613945,A07B152C,82.4,603.58,0.1,10,201.42.104.127
2025-04-20T14:08:36.613945,B0B7F9ED,67.5,495.78,0.08,8,125.91.35.23
2025-04-20T14:08:36.613945,B765C201,66.5,1332.7,0.24,24,11.37.135.79
2025-04-20T14:08:36.613945,DE1F8A6D,85.5,919.86,0.16,16,118.152.42.71
2025-04-20T14:08:36.613945,1F61F947,68.33,367.74,0.06,6,64.244.111.144
2025-04-20T14:08:36.613945,3110718A,102.33,238.18,0.06,6,79.131.181.194
2025-04-20T14:08:36.613945,A860F907,85.5,482.22,0.12,12,242.75.49.17
2025-04-20T14:08:36.613945,A45B76E9,80.43,761.54,0.14,14,82.217.136.218
2025-04-20T14:08:36.613945,116A32BB,83.0,323.98,0.04,4,162.10.237.170
2025-04-20T14:08:36.613945,6251887E,96.0,377.64,0.06,6,33.93.74.254
2025-04-20T14:08:36.613945,4A97BB58,63.5,277.18,0.04,4,92.182.251.132
2025-04-20T14:08:36.613945,DEFCF2B1,113.0,159.4,0.02,2,125.84.163.17
2025-04-20T14:08:36.613945,6BD12E8A,90.33,475.14,0.06,6,20.14.185.145
2025-04-20T14:08:36.613945,F354928A,69.33,495.82,0.06,6,57.222.225.211
2025-04-20T14:08:36.613945,9C8E9EB3,77.0,327.6,0.04,4,152.24.70.135
2025-04-20T14:08:36.613945,0F4FE415,53.33,374.16,0.06,6,189.217.81.240
2025-04-20T14:08:36.613945,3D9B33B3,95.67,334.3,0.06,6,56.118.41.172
2025-04-20T14:08:36.613945,C75AF774,72.5,323.18,0.04,4,183.210.160.57
2025-04-20T14:08:36.613945,62B28474,69.5,342.14,0.04,4,196.166.40.146
2025-04-20T14:08:36.613945,965E193F,42.0,306.26,0.04,4,159.157.165.65
2025-04-20T14:08:36.613945,09A5DF83,73.0,7.08,0.02,2,58.106.16.16
2025-04-20T14:08:36.615368,9079FD28,58.0,237.48,0.06,6,98.172.19.166
2025-04-20T14:08:36.615368,E407FE8E,88.67,303.82,0.06,6,169.82.237.95
2025-04-20T14:08:36.615368,79E04F22,88.17,269.4,0.12,12,103.67.176.249
2025-04-20T14:08:36.615368,3F1D4059,113.0,8.52,0.02,2,69.18.206.112
2025-04-20T14:08:36.615368,06B122B0,75.0,90.14,0.02,2,95.29.186.172
2025-04-20T14:08:36.615368,E0A25E04,79.33,396.66,0.06,6,69.120.179.63
2025-04-20T14:08:36.615368,5A514B31,46.67,278.16,0.06,6,112.141.87.109
2025-04-20T14:08:36.615368,22008EBD,76.5,203.1,0.04,4,55.227.79.5
2025-04-20T14:08:36.615368,DFD5BAAF,71.67,145.76,0.06,6,97.157.35.32
2025-04-20T14:08:36.615368,90E2E8AC,50.33,43.23,0.03,3,101.255.121.244
2025-04-20T14:08:36.615368,ED037B29,60.0,246.98,0.06,6,73.183.103.214
2025-04-20T14:08:36.615368,62E9EF0B,64.67,329.84,0.06,6,109.117.225.127
2025-04-20T14:08:36.615368,85631FA3,100.67,312.76,0.06,6,88.108.167.52
2025-04-20T14:08:36.615368,5552FEB0,100.0,57.18,0.02,2,161.42.2.251
2025-04-20T14:08:36.615368,48419D1B,60.5,97.96,0.04,4,134.30.26.220
2025-04-20T14:08:36.615368,87C2DEBB,116.0,152.46,0.02,2,230.46.54.131
2025-04-20T14:08:36.615368,47EC1A91,77.0,76.86,0.02,2,159.166.132.42
2025-04-20T14:08:36.615368,E908F157,99.0,148.12,0.02,2,65.153.239.144
2025-04-20T14:08:36.616535,786986B2,97.0,208.04,0.04,4,17.21.155.137
2025-04-20T14:08:36.616535,A5724487,42.5,97.22,0.04,4,125.145.147.116
2025-04-20T14:08:36.616535,3DBD81F6,47.0,9.48,0.02,2,216.140.187.211
2025-04-20T14:08:36.616535,914E9EA8,99.0,0.34,0.02,2,221.68.35.46
2025-04-20T14:08:36.616535,CCB828E8,77.0,140.4,0.02,2,125.95.57.70
2025-04-20T14:08:36.616535,DFC149B3,115.0,36.5,0.02,2,89.51.251.235
2025-04-20T14:08:36.618048,B7B61409,98.0,119.18,0.02,2,82.251.200.42
2025-04-20T14:08:36.619119,3D159C6D,78.0,101.4,0.02,2,189.105.112.64
2025-04-20T14:08:36.621118,AF23B543,32.0,162.76,0.02,2,195.97.101.40
2025-04-20T14:08:36.621118,DA06BB46,70.0,56.96,0.02,2,18.51.128.73
2025-04-20T14:08:36.622122,10EF1991,92.0,123.2,0.02,2,149.239.237.144
2025-04-20T14:08:36.622122,69A06A4C,84.0,169.0,0.02,2,240.247.198.141
2025-04-20T14:08:36.622122,809C11B0,78.0,162.42,0.02,2,212.13.105.67
2025-04-20T14:08:36.622122,CF30A95B,51.0,49.76,0.02,2,237.97.72.136
2025-04-20T14:08:36.622122,05DC2BE7,80.6,324.41,0.1,10,5.184.29.93
2025-04-20T14:08:36.622122,317E250A,68.0,341.94,0.09,9,222.56.195.84
2025-04-20T14:08:36.622122,600E77BF,87.91,467.67,0.11,11,158.220.206.126
2025-04-20T14:08:36.622122,601DE581,76.67,324.07,0.09,9,58.57.254.250
2025-04-20T14:08:36.622122,67B8A4A7,81.0,222.91,0.04,4,201.223.63.24
2025-04-20T14:08:36.622122,6E3B6B17,86.33,364.14,0.06,6,44.154.211.92
2025-04-20T14:08:36.622122,84DDE479,47.0,60.3,0.01,1,14.239.230.166
2025-04-20T14:08:36.622122,8EE91146,60.25,238.04,0.04,4,127.3.122.179
2025-04-20T14:08:36.623121,9A50B50B,81.0,305.94,0.06,6,118.43.78.249
2025-04-20T14:08:36.623121,C0EE72C4,74.4,261.49,0.05,5,18.71.133.103
2025-04-20T14:08:36.623121,1D6AF0DA,72.0,113.73,0.03,3,24.179.93.199
2025-04-20T14:08:36.623121,452FCA9C,61.0,225.07,0.03,3,94.120.118.76
2025-04-20T14:08:36.623121,59266C4E,81.67,178.36,0.03,3,233.162.103.245
2025-04-20T14:08:36.623121,5D866126,89.0,143.27,0.02,2,140.235.246.26
2025-04-20T14:08:36.623121,A03D1FED,69.5,289.01,0.04,4,226.149.10.49
2025-04-20T14:08:36.623121,B4AEE3CB,64.0,141.5,0.03,3,237.50.108.179
2025-04-20T14:08:36.623121,8FAA922C,73.5,219.43,0.04,4,230.30.92.182
2025-04-20T14:08:36.623121,BD39D418,115.0,107.11,0.02,2,77.22.182.13
2025-04-20T14:08:36.623121,B123171F,45.0,175.11,0.03,3,60.249.29.211
2025-04-20T14:08:36.623121,4F0BAE04,102.0,125.91,0.02,2,209.159.119.53
2025-04-20T14:08:36.623121,D74BE414,112.0,61.28,0.01,1,17.65.16.219
2025-04-20T14:08:36.625127,AA07CCE0,80.2,271.52,0.05,5,221.251.173.1
2025-04-20T14:08:36.626124,37FC9B34,70.0,97.49,0.01,1,186.150.235.29
2025-04-20T14:08:36.627126,F1E4C241,83.5,82.57,0.02,2,91.35.122.6
2025-04-20T14:08:36.628124,E6EE337F,89.0,117.68,0.02,2,22.24.242.162
2025-04-20T14:08:36.628124,64E795D1,83.0,99.53,0.02,2,150.129.62.16
2025-04-20T14:08:36.628124,0FAA6B2B,56.0,41.04,0.01,1,240.208.250.124
2025-04-20T14:08:36.628630,2CEB748F,67.8,270.19,0.05,5,240.101.84.204
2025-04-20T14:08:36.628630,3EFF7514,102.5,168.74,0.02,2,58.109.154.59
2025-04-20T14:08:36.628630,5442A555,79.0,26.89,0.01,1,118.119.250.57
2025-04-20T14:08:36.628630,1A5480D9,56.0,74.27,0.01,1,222.66.60.55
2025-04-20T14:08:36.628630,E9E63DC4,92.0,88.25,0.02,2,124.39.70.199
2025-04-20T14:08:36.628630,14A7836B,83.75,239.19,0.04,4,225.58.131.161
2025-04-20T14:08:36.628630,475E0102,70.0,99.17,0.02,2,96.243.42.37
2025-04-20T14:08:36.628630,3B250E5D,56.0,50.07,0.01,1,199.196.78.201
2025-04-20T14:08:36.628630,139BAAAE,98.0,81.69,0.01,1,223.103.87.159
2025-04-20T14:08:36.628630,3BC8E8A3,40.0,24.91,0.01,1,137.130.165.223
2025-04-20T14:08:36.629634,E62472AF,78.0,73.24,0.01,1,173.86.20.51
2025-04-20T14:08:36.629634,6E4F3EF3,70.0,36.93,0.01,1,37.176.27.221
2025-04-20T14:08:36.629634,74AAEE4C,63.0,39.0,0.01,1,65.17.123.117
2025-04-20T14:08:36.629634,7C525E26,47.0,30.43,0.01,1,248.42.19.93
2025-04-20T14:08:36.629634,CA791169,97.5,25.5,0.02,2,66.227.230.142
2025-04-20T14:08:36.629634,E4C3C98E,117.0,54.21,0.01,1,61.128.15.121
2025-04-20T14:08:36.629634,1C034A32,39.0,27.5,0.01,1,254.42.215.208
2025-04-20T14:08:36.629634,B1C93B16,114.0,78.88,0.01,1,33.134.171.2
2025-04-20T14:08:36.629634,B972E4D9,76.0,83.94,0.01,1,208.96.121.124
2025-04-20T14:08:36.629634,0225D369,36.0,35.05,0.01,1,134.158.118.157
